"value","nasad_URL_clean"
"Academy of Art University","https://nasad.arts-accredit.org/directory-lists/accredited-institutions/search/?id=I1190"
"Alabama State University","https://nasad.arts-accredit.org/directory-lists/accredited-institutions/search/?id=I0362"
"Alfred University","https://nasad.arts-accredit.org/directory-lists/accredited-institutions/search/?id=I0962"
"Anderson University (South Carolina)","https://nasad.arts-accredit.org/directory-lists/accredited-institutions/search/?id=I0372"
"Appalachian State University","https://nasad.arts-accredit.org/directory-lists/accredited-institutions/search/?id=I0121"
"Arcadia University","https://nasad.arts-accredit.org/directory-lists/accredited-institutions/search/?id=I0570"
"Arizona State University","https://nasad.arts-accredit.org/directory-lists/accredited-institutions/search/?id=I0078"
"Arkansas State University","https://nasad.arts-accredit.org/directory-lists/accredited-institutions/search/?id=I0373"
"Arkansas Tech University","https://nasad.arts-accredit.org/directory-lists/accredited-institutions/search/?id=I0374"
"Art Academy of Cincinnati","https://nasad.arts-accredit.org/directory-lists/accredited-institutions/search/?id=I1209"
"Auburn University","https://nasad.arts-accredit.org/directory-lists/accredited-institutions/search/?id=I0378"
"Augusta University","https://nasad.arts-accredit.org/directory-lists/accredited-institutions/search/?id=I0380"
"Augustana University","https://nasad.arts-accredit.org/directory-lists/accredited-institutions/search/?id=I0382"
"Austin Peay State University","https://nasad.arts-accredit.org/directory-lists/accredited-institutions/search/?id=I0383"
"Azusa Pacific University","https://nasad.arts-accredit.org/directory-lists/accredited-institutions/search/?id=I0856"
"Ball State University","https://nasad.arts-accredit.org/directory-lists/accredited-institutions/search/?id=I0089"
"Belhaven University","https://nasad.arts-accredit.org/directory-lists/accredited-institutions/search/?id=I0123"
"Belmont University","https://nasad.arts-accredit.org/directory-lists/accredited-institutions/search/?id=I0314"
"Benedict College","https://nasad.arts-accredit.org/directory-lists/accredited-institutions/search/?id=I0893"
"Biola University","https://nasad.arts-accredit.org/directory-lists/accredited-institutions/search/?id=I0388"
"Boise State University","https://nasad.arts-accredit.org/directory-lists/accredited-institutions/search/?id=I0244"
"Boston University","https://nasad.arts-accredit.org/directory-lists/accredited-institutions/search/?id=I0261"
"Bowling Green State University","https://nasad.arts-accredit.org/directory-lists/accredited-institutions/search/?id=I0125"
"Bradley University","https://nasad.arts-accredit.org/directory-lists/accredited-institutions/search/?id=I0392"
"Bridgewater State University","https://nasad.arts-accredit.org/directory-lists/accredited-institutions/search/?id=I0262"
"Brigham Young University","https://nasad.arts-accredit.org/directory-lists/accredited-institutions/search/?id=I0061"
"Broward College","https://nasad.arts-accredit.org/directory-lists/accredited-institutions/search/?id=I0547"
"Bucks County Community College","https://nasad.arts-accredit.org/directory-lists/accredited-institutions/search/?id=I0696"
"Buffalo State, State University of New York","https://nasad.arts-accredit.org/directory-lists/accredited-institutions/search/?id=I0838"
"California College of the Arts","https://nasad.arts-accredit.org/directory-lists/accredited-institutions/search/?id=I1167"
"California Polytechnic State University San Luis Obispo","https://nasad.arts-accredit.org/directory-lists/accredited-institutions/search/?id=I0836"
"California State Polytechnic University, Humboldt","https://nasad.arts-accredit.org/directory-lists/accredited-institutions/search/?id=I0200"
"California State Polytechnic University, Pomona","https://nasad.arts-accredit.org/directory-lists/accredited-institutions/search/?id=I0219"
"California State University, Chico","https://nasad.arts-accredit.org/directory-lists/accredited-institutions/search/?id=I0397"
"California State University, Fresno","https://nasad.arts-accredit.org/directory-lists/accredited-institutions/search/?id=I0398"
"California State University, Fullerton","https://nasad.arts-accredit.org/directory-lists/accredited-institutions/search/?id=I0065"
"California State University, Long Beach","https://nasad.arts-accredit.org/directory-lists/accredited-institutions/search/?id=I0074"
"California State University, Los Angeles","https://nasad.arts-accredit.org/directory-lists/accredited-institutions/search/?id=I0220"
"California State University, Northridge","https://nasad.arts-accredit.org/directory-lists/accredited-institutions/search/?id=I0400"
"California State University, Sacramento","https://nasad.arts-accredit.org/directory-lists/accredited-institutions/search/?id=I0111"
"California State University, San Bernardino","https://nasad.arts-accredit.org/directory-lists/accredited-institutions/search/?id=I0399"
"California State University, Stanislaus","https://nasad.arts-accredit.org/directory-lists/accredited-institutions/search/?id=I0401"
"Carson-Newman University","https://nasad.arts-accredit.org/directory-lists/accredited-institutions/search/?id=I0404"
"Casper College","https://nasad.arts-accredit.org/directory-lists/accredited-institutions/search/?id=I0333"
"Cazenovia College","https://nasad.arts-accredit.org/directory-lists/accredited-institutions/search/?id=I1501"
"Central Michigan University","https://nasad.arts-accredit.org/directory-lists/accredited-institutions/search/?id=I0410"
"Central State University","https://nasad.arts-accredit.org/directory-lists/accredited-institutions/search/?id=I0412"
"Chabot College","https://nasad.arts-accredit.org/directory-lists/accredited-institutions/search/?id=I1404"
"Champlain College","https://nasad.arts-accredit.org/directory-lists/accredited-institutions/search/?id=I1262"
"Chicago State University","https://nasad.arts-accredit.org/directory-lists/accredited-institutions/search/?id=I0816"
"Clemson University","https://nasad.arts-accredit.org/directory-lists/accredited-institutions/search/?id=I0548"
"Cleveland Institute of Art","https://nasad.arts-accredit.org/directory-lists/accredited-institutions/search/?id=I1203"
"Coastal Carolina University","https://nasad.arts-accredit.org/directory-lists/accredited-institutions/search/?id=I0886"
"Coker University","https://nasad.arts-accredit.org/directory-lists/accredited-institutions/search/?id=I0352"
"College for Creative Studies","https://nasad.arts-accredit.org/directory-lists/accredited-institutions/search/?id=I1199"
"College of DuPage","https://nasad.arts-accredit.org/directory-lists/accredited-institutions/search/?id=I0972"
"The College of New Jersey","https://nasad.arts-accredit.org/directory-lists/accredited-institutions/search/?id=I0562"
"Colorado State University","https://nasad.arts-accredit.org/directory-lists/accredited-institutions/search/?id=I0109"
"Columbus State University","https://nasad.arts-accredit.org/directory-lists/accredited-institutions/search/?id=I0425"
"Commonwealth University of Pennsylvania","https://nasad.arts-accredit.org/directory-lists/accredited-institutions/search/?id=I0967"
"The Community College of Baltimore County","https://nasad.arts-accredit.org/directory-lists/accredited-institutions/search/?id=I0258"
"Community College of Rhode Island","https://nasad.arts-accredit.org/directory-lists/accredited-institutions/search/?id=I0883"
"Converse University","https://nasad.arts-accredit.org/directory-lists/accredited-institutions/search/?id=I0313"
"Cranbrook Academy of Art","https://nasad.arts-accredit.org/directory-lists/accredited-institutions/search/?id=I1208"
"Del Mar College","https://nasad.arts-accredit.org/directory-lists/accredited-institutions/search/?id=I0431"
"Delaware County Community College","https://nasad.arts-accredit.org/directory-lists/accredited-institutions/search/?id=I1315"
"Delta State University","https://nasad.arts-accredit.org/directory-lists/accredited-institutions/search/?id=I0432"
"Dominican University of California","https://nasad.arts-accredit.org/directory-lists/accredited-institutions/search/?id=I0334"
"Drake University","https://nasad.arts-accredit.org/directory-lists/accredited-institutions/search/?id=I0436"
"Drexel University","https://nasad.arts-accredit.org/directory-lists/accredited-institutions/search/?id=I0310"
"East Carolina University","https://nasad.arts-accredit.org/directory-lists/accredited-institutions/search/?id=I0299"
"East Central College","https://nasad.arts-accredit.org/directory-lists/accredited-institutions/search/?id=I0936"
"East Tennessee State University","https://nasad.arts-accredit.org/directory-lists/accredited-institutions/search/?id=I0439"
"Eastern Illinois University","https://nasad.arts-accredit.org/directory-lists/accredited-institutions/search/?id=I0442"
"Eastern Michigan University","https://nasad.arts-accredit.org/directory-lists/accredited-institutions/search/?id=I0083"
"Emporia State University","https://nasad.arts-accredit.org/directory-lists/accredited-institutions/search/?id=I0447"
"Endicott College","https://nasad.arts-accredit.org/directory-lists/accredited-institutions/search/?id=I1177"
"Escuela de Artes Plásticas y Diseño de Puerto Rico","https://nasad.arts-accredit.org/directory-lists/accredited-institutions/search/?id=I1253"
"Farmingdale State College","https://nasad.arts-accredit.org/directory-lists/accredited-institutions/search/?id=I1348"
"Fashion Institute of Design & Merchandising","https://nasad.arts-accredit.org/directory-lists/accredited-institutions/search/?id=I1312"
"Fashion Institute of Technology","https://nasad.arts-accredit.org/directory-lists/accredited-institutions/search/?id=I1210"
"Fayetteville State University","https://nasad.arts-accredit.org/directory-lists/accredited-institutions/search/?id=I0880"
"Ferris State University","https://nasad.arts-accredit.org/directory-lists/accredited-institutions/search/?id=I1165"
"The Florence Academy of Art","https://nasad.arts-accredit.org/directory-lists/accredited-institutions/search/?id=I1288"
"Florida International University","https://nasad.arts-accredit.org/directory-lists/accredited-institutions/search/?id=I0703"
"Florida State University","https://nasad.arts-accredit.org/directory-lists/accredited-institutions/search/?id=I1124"
"Framingham State University","https://nasad.arts-accredit.org/directory-lists/accredited-institutions/search/?id=I1291"
"Francis Marion University","https://nasad.arts-accredit.org/directory-lists/accredited-institutions/search/?id=I0958"
"George Washington University","https://nasad.arts-accredit.org/directory-lists/accredited-institutions/search/?id=I0107"
"Georgia Institute of Technology","https://nasad.arts-accredit.org/directory-lists/accredited-institutions/search/?id=I1179"
"Georgia Southern University","https://nasad.arts-accredit.org/directory-lists/accredited-institutions/search/?id=I0458"
"Georgia State University","https://nasad.arts-accredit.org/directory-lists/accredited-institutions/search/?id=I0459"
"Grand Rapids Community College","https://nasad.arts-accredit.org/directory-lists/accredited-institutions/search/?id=I0463"
"Grand Valley State University","https://nasad.arts-accredit.org/directory-lists/accredited-institutions/search/?id=I0269"
"Harrisburg Area Community College","https://nasad.arts-accredit.org/directory-lists/accredited-institutions/search/?id=I1247"
"Hartwick College","https://nasad.arts-accredit.org/directory-lists/accredited-institutions/search/?id=I0690"
"High Point University","https://nasad.arts-accredit.org/directory-lists/accredited-institutions/search/?id=I1289"
"Hope College","https://nasad.arts-accredit.org/directory-lists/accredited-institutions/search/?id=I0087"
"Houston Community College","https://nasad.arts-accredit.org/directory-lists/accredited-institutions/search/?id=I1319"
"Howard Community College","https://nasad.arts-accredit.org/directory-lists/accredited-institutions/search/?id=I0913"
"Howard University","https://nasad.arts-accredit.org/directory-lists/accredited-institutions/search/?id=I0739"
"Illinois State University","https://nasad.arts-accredit.org/directory-lists/accredited-institutions/search/?id=I0099"
"Indiana State University","https://nasad.arts-accredit.org/directory-lists/accredited-institutions/search/?id=I0148"
"Indiana University","https://nasad.arts-accredit.org/directory-lists/accredited-institutions/search/?id=I0249"
"Indiana University – Purdue University, Indianapolis","https://nasad.arts-accredit.org/directory-lists/accredited-institutions/search/?id=I0923"
"Indiana University of Pennsylvania","https://nasad.arts-accredit.org/directory-lists/accredited-institutions/search/?id=I0745"
"Iowa State University","https://nasad.arts-accredit.org/directory-lists/accredited-institutions/search/?id=I0114"
"Ivy Tech Community College of Indiana, Central Indiana","https://nasad.arts-accredit.org/directory-lists/accredited-institutions/search/?id=I1245"
"Jackson State University","https://nasad.arts-accredit.org/directory-lists/accredited-institutions/search/?id=I0455"
"Jacksonville State University","https://nasad.arts-accredit.org/directory-lists/accredited-institutions/search/?id=I0748"
"James Madison University","https://nasad.arts-accredit.org/directory-lists/accredited-institutions/search/?id=I0101"
"Kansas City Art Institute","https://nasad.arts-accredit.org/directory-lists/accredited-institutions/search/?id=I1214"
"Kansas State University","https://nasad.arts-accredit.org/directory-lists/accredited-institutions/search/?id=I0337"
"Kean University","https://nasad.arts-accredit.org/directory-lists/accredited-institutions/search/?id=I0279"
"Kennesaw State University","https://nasad.arts-accredit.org/directory-lists/accredited-institutions/search/?id=I0349"
"Kent State University","https://nasad.arts-accredit.org/directory-lists/accredited-institutions/search/?id=I0183"
"Kutztown University of Pennsylvania","https://nasad.arts-accredit.org/directory-lists/accredited-institutions/search/?id=I0720"
"La Roche University","https://nasad.arts-accredit.org/directory-lists/accredited-institutions/search/?id=I1170"
"Laguna College of Art and Design","https://nasad.arts-accredit.org/directory-lists/accredited-institutions/search/?id=I1166"
"Lamar University","https://nasad.arts-accredit.org/directory-lists/accredited-institutions/search/?id=I0152"
"Lander University","https://nasad.arts-accredit.org/directory-lists/accredited-institutions/search/?id=I0733"
"Lawrence Technological University","https://nasad.arts-accredit.org/directory-lists/accredited-institutions/search/?id=I1184"
"The Lebanese American University","https://nasad.arts-accredit.org/directory-lists/accredited-institutions/search/?id=I1434"
"Lesley University","https://nasad.arts-accredit.org/directory-lists/accredited-institutions/search/?id=I0153"
"Lorain County Community College","https://nasad.arts-accredit.org/directory-lists/accredited-institutions/search/?id=I1252"
"Los Angeles Academy of Figurative Art","https://nasad.arts-accredit.org/directory-lists/accredited-institutions/search/?id=I1264"
"Louisiana State University","https://nasad.arts-accredit.org/directory-lists/accredited-institutions/search/?id=I0763"
"Louisiana Tech University","https://nasad.arts-accredit.org/directory-lists/accredited-institutions/search/?id=I0764"
"Maine College of Art and Design","https://nasad.arts-accredit.org/directory-lists/accredited-institutions/search/?id=I1228"
"Maryville University of Saint Louis","https://nasad.arts-accredit.org/directory-lists/accredited-institutions/search/?id=I0566"
"Marywood University","https://nasad.arts-accredit.org/directory-lists/accredited-institutions/search/?id=I0772"
"McNeese State University","https://nasad.arts-accredit.org/directory-lists/accredited-institutions/search/?id=I0773"
"Messiah University","https://nasad.arts-accredit.org/directory-lists/accredited-institutions/search/?id=I0775"
"Metropolitan State University of Denver","https://nasad.arts-accredit.org/directory-lists/accredited-institutions/search/?id=I0776"
"Miami University","https://nasad.arts-accredit.org/directory-lists/accredited-institutions/search/?id=I0157"
"Middle Tennessee State University","https://nasad.arts-accredit.org/directory-lists/accredited-institutions/search/?id=I0777"
"Midwestern State University","https://nasad.arts-accredit.org/directory-lists/accredited-institutions/search/?id=I0778"
"Millersville University of Pennsylvania","https://nasad.arts-accredit.org/directory-lists/accredited-institutions/search/?id=I0779"
"Milwaukee Institute of Art and Design","https://nasad.arts-accredit.org/directory-lists/accredited-institutions/search/?id=I1218"
"Minnesota State University Mankato","https://nasad.arts-accredit.org/directory-lists/accredited-institutions/search/?id=I0095"
"Minnesota State University Moorhead","https://nasad.arts-accredit.org/directory-lists/accredited-institutions/search/?id=I0272"
"Mississippi State University","https://nasad.arts-accredit.org/directory-lists/accredited-institutions/search/?id=I0704"
"Mississippi University for Women","https://nasad.arts-accredit.org/directory-lists/accredited-institutions/search/?id=I0783"
"Mississippi Valley State University","https://nasad.arts-accredit.org/directory-lists/accredited-institutions/search/?id=I0784"
"Missouri State University","https://nasad.arts-accredit.org/directory-lists/accredited-institutions/search/?id=I0342"
"Montana State University","https://nasad.arts-accredit.org/directory-lists/accredited-institutions/search/?id=I0787"
"Montana State University Billings","https://nasad.arts-accredit.org/directory-lists/accredited-institutions/search/?id=I0443"
"Montclair State University","https://nasad.arts-accredit.org/directory-lists/accredited-institutions/search/?id=I0050"
"Montgomery College","https://nasad.arts-accredit.org/directory-lists/accredited-institutions/search/?id=I0259"
"Montserrat College of Art","https://nasad.arts-accredit.org/directory-lists/accredited-institutions/search/?id=I1220"
"Morehead State University","https://nasad.arts-accredit.org/directory-lists/accredited-institutions/search/?id=I0687"
"Munson-Williams-Proctor Arts Institute","https://nasad.arts-accredit.org/directory-lists/accredited-institutions/search/?id=I1222"
"Murray State University","https://nasad.arts-accredit.org/directory-lists/accredited-institutions/search/?id=I0252"
"Nazareth College","https://nasad.arts-accredit.org/directory-lists/accredited-institutions/search/?id=I0356"
"New Jersey City University","https://nasad.arts-accredit.org/directory-lists/accredited-institutions/search/?id=I0749"
"New Jersey Institute of Technology","https://nasad.arts-accredit.org/directory-lists/accredited-institutions/search/?id=I1299"
"New World School of the Arts","https://nasad.arts-accredit.org/directory-lists/accredited-institutions/search/?id=I0070"
"New York Academy of Art","https://nasad.arts-accredit.org/directory-lists/accredited-institutions/search/?id=I1272"
"New York City College of Technology","https://nasad.arts-accredit.org/directory-lists/accredited-institutions/search/?id=I1302"
"New York School of Interior Design","https://nasad.arts-accredit.org/directory-lists/accredited-institutions/search/?id=I1187"
"New York University","https://nasad.arts-accredit.org/directory-lists/accredited-institutions/search/?id=I0293"
"Nicholls State University","https://nasad.arts-accredit.org/directory-lists/accredited-institutions/search/?id=I0800"
"Normandale Community College","https://nasad.arts-accredit.org/directory-lists/accredited-institutions/search/?id=I0839"
"North Carolina State University","https://nasad.arts-accredit.org/directory-lists/accredited-institutions/search/?id=I1180"
"North Dakota State University","https://nasad.arts-accredit.org/directory-lists/accredited-institutions/search/?id=I0803"
"Northeastern Illinois University","https://nasad.arts-accredit.org/directory-lists/accredited-institutions/search/?id=I0247"
"Northern Illinois University","https://nasad.arts-accredit.org/directory-lists/accredited-institutions/search/?id=I0248"
"Northern State University","https://nasad.arts-accredit.org/directory-lists/accredited-institutions/search/?id=I0673"
"Northwest College","https://nasad.arts-accredit.org/directory-lists/accredited-institutions/search/?id=I0717"
"Northwestern State University of Louisiana","https://nasad.arts-accredit.org/directory-lists/accredited-institutions/search/?id=I0163"
"Ohio State University","https://nasad.arts-accredit.org/directory-lists/accredited-institutions/search/?id=I0031"
"Otis College of Art and Design","https://nasad.arts-accredit.org/directory-lists/accredited-institutions/search/?id=I1224"
"Pacific Union College","https://nasad.arts-accredit.org/directory-lists/accredited-institutions/search/?id=I0488"
"Paris College of Art","https://nasad.arts-accredit.org/directory-lists/accredited-institutions/search/?id=I1174"
"Pennsylvania Academy of the Fine Arts","https://nasad.arts-accredit.org/directory-lists/accredited-institutions/search/?id=I1226"
"Pennsylvania College of Art and Design","https://nasad.arts-accredit.org/directory-lists/accredited-institutions/search/?id=I1227"
"Pennsylvania State University","https://nasad.arts-accredit.org/directory-lists/accredited-institutions/search/?id=I0165"
"Pennsylvania Western University of Pennsylvania","https://nasad.arts-accredit.org/directory-lists/accredited-institutions/search/?id=I0306"
"Photographic Center Northwest","https://nasad.arts-accredit.org/directory-lists/accredited-institutions/search/?id=I1185"
"Purchase College, State University of New York","https://nasad.arts-accredit.org/directory-lists/accredited-institutions/search/?id=I0203"
"Purdue University","https://nasad.arts-accredit.org/directory-lists/accredited-institutions/search/?id=I1016"
"Purdue University Fort Wayne","https://nasad.arts-accredit.org/directory-lists/accredited-institutions/search/?id=I0746"
"Queensborough Community College","https://nasad.arts-accredit.org/directory-lists/accredited-institutions/search/?id=I1154"
"Radford University","https://nasad.arts-accredit.org/directory-lists/accredited-institutions/search/?id=I0041"
"Rhode Island College","https://nasad.arts-accredit.org/directory-lists/accredited-institutions/search/?id=I0030"
"Ringling College of Art and Design","https://nasad.arts-accredit.org/directory-lists/accredited-institutions/search/?id=I1231"
"Rochester Institute of Technology","https://nasad.arts-accredit.org/directory-lists/accredited-institutions/search/?id=I1191"
"Rocky Mountain College of Art and Design","https://nasad.arts-accredit.org/directory-lists/accredited-institutions/search/?id=I1236"
"Rowan University","https://nasad.arts-accredit.org/directory-lists/accredited-institutions/search/?id=I0171"
"Russell Sage College","https://nasad.arts-accredit.org/directory-lists/accredited-institutions/search/?id=I1213"
"Rutgers University, The State University of New Jersey","https://nasad.arts-accredit.org/directory-lists/accredited-institutions/search/?id=I0069"
"Saint Cloud State University","https://nasad.arts-accredit.org/directory-lists/accredited-institutions/search/?id=I0510"
"Saint John's University","https://nasad.arts-accredit.org/directory-lists/accredited-institutions/search/?id=I1198"
"Saint Louis Community College at Florissant Valley","https://nasad.arts-accredit.org/directory-lists/accredited-institutions/search/?id=I1232"
"Saint Louis Community College at Meramec","https://nasad.arts-accredit.org/directory-lists/accredited-institutions/search/?id=I1189"
"Saint Louis University","https://nasad.arts-accredit.org/directory-lists/accredited-institutions/search/?id=I1257"
"Salem State University","https://nasad.arts-accredit.org/directory-lists/accredited-institutions/search/?id=I0904"
"Salve Regina University","https://nasad.arts-accredit.org/directory-lists/accredited-institutions/search/?id=I0999"
"Sam Houston State University","https://nasad.arts-accredit.org/directory-lists/accredited-institutions/search/?id=I0196"
"San Diego State University","https://nasad.arts-accredit.org/directory-lists/accredited-institutions/search/?id=I0098"
"San Francisco State University","https://nasad.arts-accredit.org/directory-lists/accredited-institutions/search/?id=I0231"
"San José State University","https://nasad.arts-accredit.org/directory-lists/accredited-institutions/search/?id=I0042"
"Sinclair Community College","https://nasad.arts-accredit.org/directory-lists/accredited-institutions/search/?id=I0175"
"Skidmore College","https://nasad.arts-accredit.org/directory-lists/accredited-institutions/search/?id=I0295"
"Slippery Rock University","https://nasad.arts-accredit.org/directory-lists/accredited-institutions/search/?id=I0038"
"Sonoma State University","https://nasad.arts-accredit.org/directory-lists/accredited-institutions/search/?id=I0176"
"Sotheby's Institute of Art – New York","https://nasad.arts-accredit.org/directory-lists/accredited-institutions/search/?id=I1169"
"South Carolina State University","https://nasad.arts-accredit.org/directory-lists/accredited-institutions/search/?id=I0712"
"South Dakota State University","https://nasad.arts-accredit.org/directory-lists/accredited-institutions/search/?id=I0526"
"Southeast Missouri State University","https://nasad.arts-accredit.org/directory-lists/accredited-institutions/search/?id=I0331"
"Southeastern Louisiana University","https://nasad.arts-accredit.org/directory-lists/accredited-institutions/search/?id=I0527"
"Southern Illinois University Carbondale","https://nasad.arts-accredit.org/directory-lists/accredited-institutions/search/?id=I0532"
"Southern Illinois University Edwardsville","https://nasad.arts-accredit.org/directory-lists/accredited-institutions/search/?id=I0357"
"Southern Methodist University","https://nasad.arts-accredit.org/directory-lists/accredited-institutions/search/?id=I0034"
"Southern Utah University","https://nasad.arts-accredit.org/directory-lists/accredited-institutions/search/?id=I0192"
"Southwest School of Art","https://nasad.arts-accredit.org/directory-lists/accredited-institutions/search/?id=I1485"
"St. Johns River State College","https://nasad.arts-accredit.org/directory-lists/accredited-institutions/search/?id=I0347"
"St. Olaf College","https://nasad.arts-accredit.org/directory-lists/accredited-institutions/search/?id=I0033"
"State University of New York, Fredonia","https://nasad.arts-accredit.org/directory-lists/accredited-institutions/search/?id=I0296"
"State University of New York, New Paltz","https://nasad.arts-accredit.org/directory-lists/accredited-institutions/search/?id=I0180"
"State University of New York, Oswego","https://nasad.arts-accredit.org/directory-lists/accredited-institutions/search/?id=I0545"
"Stephen F. Austin State University","https://nasad.arts-accredit.org/directory-lists/accredited-institutions/search/?id=I0549"
"Stockton University","https://nasad.arts-accredit.org/directory-lists/accredited-institutions/search/?id=I0212"
"Studio Incamminati","https://nasad.arts-accredit.org/directory-lists/accredited-institutions/search/?id=I1281"
"Suffolk University","https://nasad.arts-accredit.org/directory-lists/accredited-institutions/search/?id=I1193"
"Syracuse University","https://nasad.arts-accredit.org/directory-lists/accredited-institutions/search/?id=I0552"
"Temple University","https://nasad.arts-accredit.org/directory-lists/accredited-institutions/search/?id=I1160"
"Tennessee State University","https://nasad.arts-accredit.org/directory-lists/accredited-institutions/search/?id=I0556"
"Tennessee Technological University","https://nasad.arts-accredit.org/directory-lists/accredited-institutions/search/?id=I0558"
"Texas A&M University – Commerce","https://nasad.arts-accredit.org/directory-lists/accredited-institutions/search/?id=I0441"
"Texas Christian University","https://nasad.arts-accredit.org/directory-lists/accredited-institutions/search/?id=I0097"
"Texas Tech University","https://nasad.arts-accredit.org/directory-lists/accredited-institutions/search/?id=I0096"
"Thomas Jefferson University","https://nasad.arts-accredit.org/directory-lists/accredited-institutions/search/?id=I1639"
"Union University","https://nasad.arts-accredit.org/directory-lists/accredited-institutions/search/?id=I0567"
"University of Akron","https://nasad.arts-accredit.org/directory-lists/accredited-institutions/search/?id=I0060"
"University of Alabama","https://nasad.arts-accredit.org/directory-lists/accredited-institutions/search/?id=I0086"
"University of Alabama at Birmingham","https://nasad.arts-accredit.org/directory-lists/accredited-institutions/search/?id=I0205"
"University of Alabama in Huntsville","https://nasad.arts-accredit.org/directory-lists/accredited-institutions/search/?id=I0685"
"University of Alaska Anchorage","https://nasad.arts-accredit.org/directory-lists/accredited-institutions/search/?id=I0216"
"University of Arizona","https://nasad.arts-accredit.org/directory-lists/accredited-institutions/search/?id=I0047"
"University of Arkansas","https://nasad.arts-accredit.org/directory-lists/accredited-institutions/search/?id=I0571"
"University of Arkansas - Fort Smith","https://nasad.arts-accredit.org/directory-lists/accredited-institutions/search/?id=I0873"
"University of Arkansas at Little Rock","https://nasad.arts-accredit.org/directory-lists/accredited-institutions/search/?id=I0005"
"University of Arkansas at Pine Bluff","https://nasad.arts-accredit.org/directory-lists/accredited-institutions/search/?id=I0573"
"University of Central Arkansas","https://nasad.arts-accredit.org/directory-lists/accredited-institutions/search/?id=I0574"
"University of Central Missouri","https://nasad.arts-accredit.org/directory-lists/accredited-institutions/search/?id=I0411"
"University of Central Oklahoma","https://nasad.arts-accredit.org/directory-lists/accredited-institutions/search/?id=I0091"
"University of Cincinnati","https://nasad.arts-accredit.org/directory-lists/accredited-institutions/search/?id=I0072"
"University of Connecticut","https://nasad.arts-accredit.org/directory-lists/accredited-institutions/search/?id=I0577"
"University of Dayton","https://nasad.arts-accredit.org/directory-lists/accredited-institutions/search/?id=I0578"
"University of Denver","https://nasad.arts-accredit.org/directory-lists/accredited-institutions/search/?id=I0580"
"University of Florida","https://nasad.arts-accredit.org/directory-lists/accredited-institutions/search/?id=I0081"
"University of Georgia","https://nasad.arts-accredit.org/directory-lists/accredited-institutions/search/?id=I0008"
"University of Hartford","https://nasad.arts-accredit.org/directory-lists/accredited-institutions/search/?id=I0102"
"University of Idaho","https://nasad.arts-accredit.org/directory-lists/accredited-institutions/search/?id=I0582"
"University of Illinois Urbana-Champaign","https://nasad.arts-accredit.org/directory-lists/accredited-institutions/search/?id=I0051"
"University of Indianapolis","https://nasad.arts-accredit.org/directory-lists/accredited-institutions/search/?id=I0744"
"University of Kansas","https://nasad.arts-accredit.org/directory-lists/accredited-institutions/search/?id=I0010"
"University of Louisiana at Lafayette","https://nasad.arts-accredit.org/directory-lists/accredited-institutions/search/?id=I0617"
"University of Maine","https://nasad.arts-accredit.org/directory-lists/accredited-institutions/search/?id=I0093"
"University of Mary Hardin-Baylor","https://nasad.arts-accredit.org/directory-lists/accredited-institutions/search/?id=I0829"
"University of Massachusetts Dartmouth","https://nasad.arts-accredit.org/directory-lists/accredited-institutions/search/?id=I1159"
"University of Massachusetts Lowell","https://nasad.arts-accredit.org/directory-lists/accredited-institutions/search/?id=I0585"
"University of Memphis","https://nasad.arts-accredit.org/directory-lists/accredited-institutions/search/?id=I0118"
"University of Michigan","https://nasad.arts-accredit.org/directory-lists/accredited-institutions/search/?id=I0191"
"University of Minnesota Duluth","https://nasad.arts-accredit.org/directory-lists/accredited-institutions/search/?id=I0590"
"University of Mississippi","https://nasad.arts-accredit.org/directory-lists/accredited-institutions/search/?id=I0591"
"University of Montana","https://nasad.arts-accredit.org/directory-lists/accredited-institutions/search/?id=I0012"
"University of Montevallo","https://nasad.arts-accredit.org/directory-lists/accredited-institutions/search/?id=I0594"
"University of Nebraska – Lincoln","https://nasad.arts-accredit.org/directory-lists/accredited-institutions/search/?id=I0596"
"University of Nebraska Omaha","https://nasad.arts-accredit.org/directory-lists/accredited-institutions/search/?id=I0598"
"University of Nevada, Las Vegas","https://nasad.arts-accredit.org/directory-lists/accredited-institutions/search/?id=I0273"
"University of New Haven","https://nasad.arts-accredit.org/directory-lists/accredited-institutions/search/?id=I1373"
"University of New Orleans","https://nasad.arts-accredit.org/directory-lists/accredited-institutions/search/?id=I0600"
"University of North Alabama","https://nasad.arts-accredit.org/directory-lists/accredited-institutions/search/?id=I0602"
"University of North Carolina at Charlotte","https://nasad.arts-accredit.org/directory-lists/accredited-institutions/search/?id=I0039"
"University of North Carolina at Greensboro","https://nasad.arts-accredit.org/directory-lists/accredited-institutions/search/?id=I0035"
"University of North Carolina at Pembroke","https://nasad.arts-accredit.org/directory-lists/accredited-institutions/search/?id=I0492"
"University of North Dakota","https://nasad.arts-accredit.org/directory-lists/accredited-institutions/search/?id=I0606"
"University of North Florida","https://nasad.arts-accredit.org/directory-lists/accredited-institutions/search/?id=I0725"
"University of North Georgia","https://nasad.arts-accredit.org/directory-lists/accredited-institutions/search/?id=I0922"
"University of North Texas","https://nasad.arts-accredit.org/directory-lists/accredited-institutions/search/?id=I0085"
"University of Notre Dame","https://nasad.arts-accredit.org/directory-lists/accredited-institutions/search/?id=I0607"
"University of Oregon","https://nasad.arts-accredit.org/directory-lists/accredited-institutions/search/?id=I0014"
"University of Saint Francis","https://nasad.arts-accredit.org/directory-lists/accredited-institutions/search/?id=I1238"
"University of South Carolina","https://nasad.arts-accredit.org/directory-lists/accredited-institutions/search/?id=I0016"
"University of South Carolina Upstate","https://nasad.arts-accredit.org/directory-lists/accredited-institutions/search/?id=I1250"
"University of South Dakota","https://nasad.arts-accredit.org/directory-lists/accredited-institutions/search/?id=I0614"
"University of South Florida","https://nasad.arts-accredit.org/directory-lists/accredited-institutions/search/?id=I0115"
"University of Southern Indiana","https://nasad.arts-accredit.org/directory-lists/accredited-institutions/search/?id=I1260"
"University of Southern Maine","https://nasad.arts-accredit.org/directory-lists/accredited-institutions/search/?id=I0616"
"University of Southern Mississippi","https://nasad.arts-accredit.org/directory-lists/accredited-institutions/search/?id=I0055"
"University of Tampa","https://nasad.arts-accredit.org/directory-lists/accredited-institutions/search/?id=I0241"
"University of Tennessee","https://nasad.arts-accredit.org/directory-lists/accredited-institutions/search/?id=I0618"
"University of Tennessee at Chattanooga","https://nasad.arts-accredit.org/directory-lists/accredited-institutions/search/?id=I0619"
"University of Texas at Arlington","https://nasad.arts-accredit.org/directory-lists/accredited-institutions/search/?id=I0620"
"University of Texas at San Antonio","https://nasad.arts-accredit.org/directory-lists/accredited-institutions/search/?id=I0621"
"University of Texas Permian Basin","https://nasad.arts-accredit.org/directory-lists/accredited-institutions/search/?id=I0928"
"University of Toledo","https://nasad.arts-accredit.org/directory-lists/accredited-institutions/search/?id=I0622"
"University of West Georgia","https://nasad.arts-accredit.org/directory-lists/accredited-institutions/search/?id=I0646"
"University of Wisconsin – Green Bay","https://nasad.arts-accredit.org/directory-lists/accredited-institutions/search/?id=I0327"
"University of Wisconsin – Madison","https://nasad.arts-accredit.org/directory-lists/accredited-institutions/search/?id=I0084"
"University of Wisconsin – Milwaukee","https://nasad.arts-accredit.org/directory-lists/accredited-institutions/search/?id=I0328"
"University of Wisconsin – Stevens Point","https://nasad.arts-accredit.org/directory-lists/accredited-institutions/search/?id=I0056"
"University of Wisconsin – Stout","https://nasad.arts-accredit.org/directory-lists/accredited-institutions/search/?id=I1162"
"University of Wisconsin – Whitewater","https://nasad.arts-accredit.org/directory-lists/accredited-institutions/search/?id=I0630"
"Utah State University","https://nasad.arts-accredit.org/directory-lists/accredited-institutions/search/?id=I0631"
"Valdosta State University","https://nasad.arts-accredit.org/directory-lists/accredited-institutions/search/?id=I1134"
"Vermont College of Fine Arts","https://nasad.arts-accredit.org/directory-lists/accredited-institutions/search/?id=I1303"
"Vincennes University","https://nasad.arts-accredit.org/directory-lists/accredited-institutions/search/?id=I0250"
"Virginia Commonwealth University","https://nasad.arts-accredit.org/directory-lists/accredited-institutions/search/?id=I0076"
"Virginia State University","https://nasad.arts-accredit.org/directory-lists/accredited-institutions/search/?id=I0635"
"Virginia Tech","https://nasad.arts-accredit.org/directory-lists/accredited-institutions/search/?id=I0634"
"Washburn University","https://nasad.arts-accredit.org/directory-lists/accredited-institutions/search/?id=I0639"
"Washington University in St. Louis","https://nasad.arts-accredit.org/directory-lists/accredited-institutions/search/?id=I0025"
"Waubonsee Community College","https://nasad.arts-accredit.org/directory-lists/accredited-institutions/search/?id=I1293"
"Wayne State College","https://nasad.arts-accredit.org/directory-lists/accredited-institutions/search/?id=I0837"
"Weber State University","https://nasad.arts-accredit.org/directory-lists/accredited-institutions/search/?id=I0642"
"Wentworth Institute of Technology","https://nasad.arts-accredit.org/directory-lists/accredited-institutions/search/?id=I1188"
"West Chester University of Pennsylvania","https://nasad.arts-accredit.org/directory-lists/accredited-institutions/search/?id=I0645"
"West Valley College","https://nasad.arts-accredit.org/directory-lists/accredited-institutions/search/?id=I1300"
"West Virginia University","https://nasad.arts-accredit.org/directory-lists/accredited-institutions/search/?id=I0648"
"Western Carolina University","https://nasad.arts-accredit.org/directory-lists/accredited-institutions/search/?id=I0650"
"Western Connecticut State University","https://nasad.arts-accredit.org/directory-lists/accredited-institutions/search/?id=I0651"
"Western Illinois University","https://nasad.arts-accredit.org/directory-lists/accredited-institutions/search/?id=I0026"
"Western Kentucky University","https://nasad.arts-accredit.org/directory-lists/accredited-institutions/search/?id=I0254"
"Western Michigan University","https://nasad.arts-accredit.org/directory-lists/accredited-institutions/search/?id=I0059"
"Western Washington University","https://nasad.arts-accredit.org/directory-lists/accredited-institutions/search/?id=I0213"
"Wichita State University","https://nasad.arts-accredit.org/directory-lists/accredited-institutions/search/?id=I0057"
"William Paterson University","https://nasad.arts-accredit.org/directory-lists/accredited-institutions/search/?id=I0662"
"Winthrop University","https://nasad.arts-accredit.org/directory-lists/accredited-institutions/search/?id=I0073"
"Woodbury University","https://nasad.arts-accredit.org/directory-lists/accredited-institutions/search/?id=I1200"
"Youngstown State University","https://nasad.arts-accredit.org/directory-lists/accredited-institutions/search/?id=I0670"
